Gene	TranscriptID	TranscriptType	Group	Cell_Line	Value
HPRT1	HPRT1-001	protein_coding	WildType	NUGC-4	56.5818
HPRT1	HPRT1-001	protein_coding	WildType	ZR-75-1	51.5341
HPRT1	HPRT1-001	protein_coding	WildType	KG-1-C	53.1715
HPRT1	HPRT1-001	protein_coding	WildType	NB-1	71.9861
HPRT1	HPRT1-001	protein_coding	WildType	NH-6	50.8219
HPRT1	HPRT1-001	protein_coding	WildType	DU4475	58.3292
HPRT1	HPRT1-001	protein_coding	WildType	MDA-MB-175-VII	30.1648
HPRT1	HPRT1-001	protein_coding	WildType	UACC-812	65.1957
HPRT1	HPRT1-001	protein_coding	WildType	ZR-75-1	51.5341
HPRT1	HPRT1-001	protein_coding	WildType	ZR-75-30	42.7429
HPRT1	HPRT1-001	protein_coding	WildType	COLO-678	40.3942
HPRT1	HPRT1-001	protein_coding	WildType	GP2d	52.9504
HPRT1	HPRT1-001	protein_coding	WildType	HCT_116	75.2729
HPRT1	HPRT1-001	protein_coding	WildType	LoVo	41.8326
HPRT1	HPRT1-001	protein_coding	WildType	LS_180	61.2742
HPRT1	HPRT1-001	protein_coding	WildType	LS513	30.8132
HPRT1	HPRT1-001	protein_coding	WildType	RKO	73.2082
HPRT1	HPRT1-001	protein_coding	WildType	SK-CO-1	61.6386
HPRT1	HPRT1-001	protein_coding	WildType	SNU-520	40.399
HPRT1	HPRT1-001	protein_coding	WildType	SNU-719	40.2204
HPRT1	HPRT1-001	protein_coding	WildType	NUGC-4	56.5818
HPRT1	HPRT1-001	protein_coding	WildType	MKN-45	85.3295
HPRT1	HPRT1-001	protein_coding	WildType	Hep_G2	55.0842
HPRT1	HPRT1-001	protein_coding	WildType	ML-1	45.1299
HPRT1	HPRT1-001	protein_coding	WildType	PL-21	42.3523
HPRT1	HPRT1-001	protein_coding	WildType	Reh	64.5095
HPRT1	HPRT1-001	protein_coding	WildType	MEL-JUSO	44.4338
HPRT1	HPRT1-001	protein_coding	WildType	MeWo	46.4966
HPRT1	HPRT1-001	protein_coding	WildType	A549	104.226
HPRT1	HPRT1-001	protein_coding	WildType	NCI-H460	99.6793
HPRT1	HPRT1-001	protein_coding	WildType	NCI-H838	97.2342
HPRT1	HPRT1-001	protein_coding	WildType	NCI-H1385	42.4349
HPRT1	HPRT1-001	protein_coding	WildType	NCI-H1568	103.251
HPRT1	HPRT1-001	protein_coding	WildType	NCI-H1944	38.3402
HPRT1	HPRT1-001	protein_coding	WildType	NCI-H2023	38.1821
HPRT1	HPRT1-001	protein_coding	WildType	NCI-H2030	69.1834
HPRT1	HPRT1-001	protein_coding	WildType	NCI-H2126	44.4417
HPRT1	HPRT1-001	protein_coding	WildType	NCI-H2347	67.4674
HPRT1	HPRT1-001	protein_coding	WildType	NCI-H1395	14.5308
HPRT1	HPRT1-001	protein_coding	WildType	NCI-H1563	50.2086
HPRT1	HPRT1-001	protein_coding	WildType	NCI-H1650	44.1808
HPRT1	HPRT1-001	protein_coding	WildType	NCI-H1666	56.5553
HPRT1	HPRT1-001	protein_coding	WildType	NCI-H1975	129.191
HPRT1	HPRT1-001	protein_coding	WildType	NCI-H2170	100.484
HPRT1	HPRT1-001	protein_coding	WildType	NCI-H2228	36.0888
HPRT1	HPRT1-001	protein_coding	WildType	NCI-H2342	59.8439
HPRT1	HPRT1-001	protein_coding	WildType	NCI-H2347	67.4674
HPRT1	HPRT1-001	protein_coding	WildType	NCI-H810	42.8225
HPRT1	HPRT1-001	protein_coding	WildType	A2780	60.2746
HPRT1	HPRT1-001	protein_coding	WildType	NCI-H209	52.751
HPRT1	HPRT1-001	protein_coding	WildType	NCI-H2081	78.4257
HPRT1	HPRT1-001	protein_coding	WildType	NCI-H446	98.8516
HPRT1	HPRT1-001	protein_coding	WildType	SR-786	83.0677
HPRT1	HPRT1-001	protein_coding	WildType	NCI-H460	99.6793
HPRT1	HPRT1-001	protein_coding	WildType	LOX_IMVI	92.5852
HPRT1	HPRT1-001	protein_coding	WildType	SK-MEL-5	45.6137
HPRT1	HPRT1-001	protein_coding	WildType	UACC-257	41.1408
HPRT1	HPRT1-001	protein_coding	WildType	UACC-62	102.196
HPRT1	HPRT1-001	protein_coding	WildType	A-498	41.8471
HPRT1	HPRT1-001	protein_coding	WildType	ACHN	82.8933
HPRT1	HPRT1-001	protein_coding	Null	KATO_III	109.853
HPRT1	HPRT1-001	protein_coding	Null	Hep_3B2.1-7	23.0469
HPRT1	HPRT1-001	protein_coding	Null	NCI-H1299	74.2384
HPRT1	HPRT1-001	protein_coding	Null	Calu-1	118.631
HPRT1	HPRT1-001	protein_coding	Null	HL-60	83.3482
HPRT1	HPRT1-001	protein_coding	Null	SK-N-MC	47.1653
HPRT1	HPRT1-001	protein_coding	Null	PC-3	62.2666
HPRT1	HPRT1-001	protein_coding	Null	MDA-MB-157	53.1663
HPRT1	HPRT1-001	protein_coding	R175H	SK-UT-1	130.237
HPRT1	HPRT1-001	protein_coding	R175H	HuCCT1	303.143
HPRT1	HPRT1-001	protein_coding	R175H	HCC1395	105.456
HPRT1	HPRT1-001	protein_coding	R175H	SK-BR-3	19.3338
HPRT1	HPRT1-001	protein_coding	R175H	LS123	92.741
HPRT1	HPRT1-001	protein_coding	R175H	SNU-61	90.2952
HPRT1	HPRT1-001	protein_coding	R175H	KLE	48.7696
HPRT1	HPRT1-001	protein_coding	R175H	CAL-33	45.2309
HPRT1	HPRT1-001	protein_coding	R175H	SK-UT-1	130.237
HPRT1	HPRT1-001	protein_coding	R175H	TOV-112D	76.7525
HPRT1	HPRT1-001	protein_coding	R175H	SNU-213	54.4831
HPRT1	HPRT1-001	protein_coding	R175H	VM-CUB1	58.0771
HPRT1	HPRT1-001	protein_coding	R248Q	KASUMI-1	80.3042
HPRT1	HPRT1-001	protein_coding	R248Q	639-V	125.22
HPRT1	HPRT1-001	protein_coding	R248Q	RT-112	54.2265
HPRT1	HPRT1-001	protein_coding	R248Q	HCC1143	79.1386
HPRT1	HPRT1-001	protein_coding	R248Q	HCC70	114.216
HPRT1	HPRT1-001	protein_coding	R248Q	BL-41	115.038
HPRT1	HPRT1-001	protein_coding	R248Q	CA46	40.396
HPRT1	HPRT1-001	protein_coding	R248Q	NAMALWA	89.6126
HPRT1	HPRT1-001	protein_coding	R248Q	KYO-1	56.4402
HPRT1	HPRT1-001	protein_coding	R248Q	SW1463	38.4924
HPRT1	HPRT1-001	protein_coding	R248Q	HEC-1-A	78.2657
HPRT1	HPRT1-001	protein_coding	R248Q	HEC-1-B	32.2499
HPRT1	HPRT1-001	protein_coding	R248Q	KYSE-150	83.8033
HPRT1	HPRT1-001	protein_coding	R248Q	TE-6	74.1465
HPRT1	HPRT1-001	protein_coding	R248Q	NCI-N87	62.4854
HPRT1	HPRT1-001	protein_coding	R248Q	SF-295	69.8482
HPRT1	HPRT1-001	protein_coding	R248Q	HSC-4	42.4708
HPRT1	HPRT1-001	protein_coding	R248Q	SK-UT-1	130.237
HPRT1	HPRT1-001	protein_coding	R248Q	PC-14	53.7959
HPRT1	HPRT1-001	protein_coding	R248Q	NCI-H211	53.7123
HPRT1	HPRT1-001	protein_coding	R248Q	SKM-1	69.0403
HPRT1	HPRT1-001	protein_coding	R248Q	NIH_OVCAR-3	55.8075
HPRT1	HPRT1-001	protein_coding	R248Q	P12-ICHIKAWA	88.5162
HPRT1	HPRT1-001	protein_coding	R248Q	SUP-T1	97.0367
HPRT1	HPRT1-001	protein_coding	R273H	MONO-MAC-1	60.0512
HPRT1	HPRT1-001	protein_coding	R273H	SU-DHL-1	329.142
HPRT1	HPRT1-001	protein_coding	R273H	MDA-MB-436	94.7387
HPRT1	HPRT1-001	protein_coding	R273H	MDA-MB-468	48.6351
HPRT1	HPRT1-001	protein_coding	R273H	HT-29	47.7694
HPRT1	HPRT1-001	protein_coding	R273H	NCI-H508	14.8865
HPRT1	HPRT1-001	protein_coding	R273H	SW480	109.849
HPRT1	HPRT1-001	protein_coding	R273H	HEC-59	93.1843
HPRT1	HPRT1-001	protein_coding	R273H	SNU-601	85.3047
HPRT1	HPRT1-001	protein_coding	R273H	U-251_MG	74.0479
HPRT1	HPRT1-001	protein_coding	R273H	YD-8	68.1224
HPRT1	HPRT1-001	protein_coding	R273H	NCI-H1155	227.975
HPRT1	HPRT1-001	protein_coding	R273H	NCI-H1793	99.6335
HPRT1	HPRT1-001	protein_coding	R273H	NCI-H2405	76.1013
HPRT1	HPRT1-001	protein_coding	R273H	SK-MEL-30	45.8243
HPRT1	HPRT1-001	protein_coding	R273H	Capan-2	51.9398
HPRT1	HPRT1-001	protein_coding	R273H	PANC-1	98.5711
HPRT1	HPRT1-001	protein_coding	R273H	SUIT-2	92.1578
HPRT1	HPRT1-001	protein_coding	R273H	MOLT-13	38.4714
HPRT1	HPRT1-001	protein_coding	R273H	8305C	70.8867
HPRT1	HPRT1-001	protein_coding	R273H	DU_145	83.8511
TK1	TK1-001	protein_coding	WildType	NUGC-4	52.9184
TK1	TK1-001	protein_coding	WildType	ZR-75-1	51.6533
TK1	TK1-001	protein_coding	WildType	KG-1-C	27.1419
TK1	TK1-001	protein_coding	WildType	NB-1	61.8941
TK1	TK1-001	protein_coding	WildType	NH-6	48.335
TK1	TK1-001	protein_coding	WildType	DU4475	17.7084
TK1	TK1-001	protein_coding	WildType	MDA-MB-175-VII	28.4783
TK1	TK1-001	protein_coding	WildType	UACC-812	38.038
TK1	TK1-001	protein_coding	WildType	ZR-75-1	51.6533
TK1	TK1-001	protein_coding	WildType	ZR-75-30	26.1458
TK1	TK1-001	protein_coding	WildType	COLO-678	76.6931
TK1	TK1-001	protein_coding	WildType	GP2d	67.4276
TK1	TK1-001	protein_coding	WildType	HCT_116	165.338
TK1	TK1-001	protein_coding	WildType	LoVo	54.8969
TK1	TK1-001	protein_coding	WildType	LS_180	70.4152
TK1	TK1-001	protein_coding	WildType	LS513	45.3317
TK1	TK1-001	protein_coding	WildType	RKO	17.7882
TK1	TK1-001	protein_coding	WildType	SK-CO-1	95.787
TK1	TK1-001	protein_coding	WildType	SNU-520	63.2688
TK1	TK1-001	protein_coding	WildType	SNU-719	40.9328
TK1	TK1-001	protein_coding	WildType	NUGC-4	52.9184
TK1	TK1-001	protein_coding	WildType	MKN-45	52.6112
TK1	TK1-001	protein_coding	WildType	Hep_G2	47.4416
TK1	TK1-001	protein_coding	WildType	ML-1	62.5584
TK1	TK1-001	protein_coding	WildType	PL-21	35.5488
TK1	TK1-001	protein_coding	WildType	Reh	71.6159
TK1	TK1-001	protein_coding	WildType	MEL-JUSO	304.178
TK1	TK1-001	protein_coding	WildType	MeWo	131.804
TK1	TK1-001	protein_coding	WildType	A549	86.3922
TK1	TK1-001	protein_coding	WildType	NCI-H460	56.6898
TK1	TK1-001	protein_coding	WildType	NCI-H838	50.4832
TK1	TK1-001	protein_coding	WildType	NCI-H1385	54.1821
TK1	TK1-001	protein_coding	WildType	NCI-H1568	56.4954
TK1	TK1-001	protein_coding	WildType	NCI-H1944	38.1049
TK1	TK1-001	protein_coding	WildType	NCI-H2023	63.9244
TK1	TK1-001	protein_coding	WildType	NCI-H2030	56.5012
TK1	TK1-001	protein_coding	WildType	NCI-H2126	36.7225
TK1	TK1-001	protein_coding	WildType	NCI-H2347	129.434
TK1	TK1-001	protein_coding	WildType	NCI-H1395	31.5138
TK1	TK1-001	protein_coding	WildType	NCI-H1563	55.0213
TK1	TK1-001	protein_coding	WildType	NCI-H1650	145.437
TK1	TK1-001	protein_coding	WildType	NCI-H1666	37.3345
TK1	TK1-001	protein_coding	WildType	NCI-H1975	69.4616
TK1	TK1-001	protein_coding	WildType	NCI-H2170	63.4595
TK1	TK1-001	protein_coding	WildType	NCI-H2228	50.6886
TK1	TK1-001	protein_coding	WildType	NCI-H2342	61.014
TK1	TK1-001	protein_coding	WildType	NCI-H2347	129.434
TK1	TK1-001	protein_coding	WildType	NCI-H810	37.6224
TK1	TK1-001	protein_coding	WildType	A2780	42.1264
TK1	TK1-001	protein_coding	WildType	NCI-H209	43.6467
TK1	TK1-001	protein_coding	WildType	NCI-H2081	35.7292
TK1	TK1-001	protein_coding	WildType	NCI-H446	48.2612
TK1	TK1-001	protein_coding	WildType	SR-786	30.6199
TK1	TK1-001	protein_coding	WildType	NCI-H460	56.6898
TK1	TK1-001	protein_coding	WildType	LOX_IMVI	64.197
TK1	TK1-001	protein_coding	WildType	SK-MEL-5	96.6046
TK1	TK1-001	protein_coding	WildType	UACC-257	79.3238
TK1	TK1-001	protein_coding	WildType	UACC-62	64.0123
TK1	TK1-001	protein_coding	WildType	A-498	95.0355
TK1	TK1-001	protein_coding	WildType	ACHN	109.041
TK1	TK1-001	protein_coding	Null	KATO_III	173.156
TK1	TK1-001	protein_coding	Null	Hep_3B2.1-7	78.3774
TK1	TK1-001	protein_coding	Null	NCI-H1299	63.9818
TK1	TK1-001	protein_coding	Null	Calu-1	128.817
TK1	TK1-001	protein_coding	Null	HL-60	30.9549
TK1	TK1-001	protein_coding	Null	SK-N-MC	62.5583
TK1	TK1-001	protein_coding	Null	PC-3	116.392
TK1	TK1-001	protein_coding	Null	MDA-MB-157	159.156
TK1	TK1-001	protein_coding	R175H	SK-UT-1	137.853
TK1	TK1-001	protein_coding	R175H	HuCCT1	149.573
TK1	TK1-001	protein_coding	R175H	HCC1395	94.8872
TK1	TK1-001	protein_coding	R175H	SK-BR-3	258.709
TK1	TK1-001	protein_coding	R175H	LS123	62.648
TK1	TK1-001	protein_coding	R175H	SNU-61	119.523
TK1	TK1-001	protein_coding	R175H	KLE	56.4634
TK1	TK1-001	protein_coding	R175H	CAL-33	56.9186
TK1	TK1-001	protein_coding	R175H	SK-UT-1	137.853
TK1	TK1-001	protein_coding	R175H	TOV-112D	47.7566
TK1	TK1-001	protein_coding	R175H	SNU-213	88.5432
TK1	TK1-001	protein_coding	R175H	VM-CUB1	48.5997
TK1	TK1-001	protein_coding	R248Q	KASUMI-1	74.163
TK1	TK1-001	protein_coding	R248Q	639-V	104.096
TK1	TK1-001	protein_coding	R248Q	RT-112	118.964
TK1	TK1-001	protein_coding	R248Q	HCC1143	207.154
TK1	TK1-001	protein_coding	R248Q	HCC70	67.0494
TK1	TK1-001	protein_coding	R248Q	BL-41	41.8267
TK1	TK1-001	protein_coding	R248Q	CA46	16.0881
TK1	TK1-001	protein_coding	R248Q	NAMALWA	48.6053
TK1	TK1-001	protein_coding	R248Q	KYO-1	193.379
TK1	TK1-001	protein_coding	R248Q	SW1463	41.8688
TK1	TK1-001	protein_coding	R248Q	HEC-1-A	177.176
TK1	TK1-001	protein_coding	R248Q	HEC-1-B	63.2785
TK1	TK1-001	protein_coding	R248Q	KYSE-150	36.4153
TK1	TK1-001	protein_coding	R248Q	TE-6	88.3782
TK1	TK1-001	protein_coding	R248Q	NCI-N87	68.2853
TK1	TK1-001	protein_coding	R248Q	SF-295	115.255
TK1	TK1-001	protein_coding	R248Q	HSC-4	39.5805
TK1	TK1-001	protein_coding	R248Q	SK-UT-1	137.853
TK1	TK1-001	protein_coding	R248Q	PC-14	63.0394
TK1	TK1-001	protein_coding	R248Q	NCI-H211	54.8381
TK1	TK1-001	protein_coding	R248Q	SKM-1	59.3724
TK1	TK1-001	protein_coding	R248Q	NIH_OVCAR-3	125.035
TK1	TK1-001	protein_coding	R248Q	P12-ICHIKAWA	15.9861
TK1	TK1-001	protein_coding	R248Q	SUP-T1	51.6189
TK1	TK1-001	protein_coding	R273H	MONO-MAC-1	50.2331
TK1	TK1-001	protein_coding	R273H	SU-DHL-1	125.745
TK1	TK1-001	protein_coding	R273H	MDA-MB-436	49.1388
TK1	TK1-001	protein_coding	R273H	MDA-MB-468	107.654
TK1	TK1-001	protein_coding	R273H	HT-29	110
TK1	TK1-001	protein_coding	R273H	NCI-H508	17.6083
TK1	TK1-001	protein_coding	R273H	SW480	82.4454
TK1	TK1-001	protein_coding	R273H	HEC-59	95.3748
TK1	TK1-001	protein_coding	R273H	SNU-601	154.611
TK1	TK1-001	protein_coding	R273H	U-251_MG	42.1044
TK1	TK1-001	protein_coding	R273H	YD-8	36.6342
TK1	TK1-001	protein_coding	R273H	NCI-H1155	63.9309
TK1	TK1-001	protein_coding	R273H	NCI-H1793	57.4506
TK1	TK1-001	protein_coding	R273H	NCI-H2405	89.5636
TK1	TK1-001	protein_coding	R273H	SK-MEL-30	109.144
TK1	TK1-001	protein_coding	R273H	Capan-2	73.0198
TK1	TK1-001	protein_coding	R273H	PANC-1	94.9701
TK1	TK1-001	protein_coding	R273H	SUIT-2	68.0313
TK1	TK1-001	protein_coding	R273H	MOLT-13	29.6531
TK1	TK1-001	protein_coding	R273H	8305C	64.8574
TK1	TK1-001	protein_coding	R273H	DU_145	157.541
HPRT1	HPRT1-002	processed_transcript	WildType	NUGC-4	0
HPRT1	HPRT1-002	processed_transcript	WildType	ZR-75-1	0.167609
HPRT1	HPRT1-002	processed_transcript	WildType	KG-1-C	0.21018
HPRT1	HPRT1-002	processed_transcript	WildType	NB-1	0.414545
HPRT1	HPRT1-002	processed_transcript	WildType	NH-6	0
HPRT1	HPRT1-002	processed_transcript	WildType	DU4475	0.0976129
HPRT1	HPRT1-002	processed_transcript	WildType	MDA-MB-175-VII	0
HPRT1	HPRT1-002	processed_transcript	WildType	UACC-812	0
HPRT1	HPRT1-002	processed_transcript	WildType	ZR-75-1	0.167609
HPRT1	HPRT1-002	processed_transcript	WildType	ZR-75-30	0.0964218
HPRT1	HPRT1-002	processed_transcript	WildType	COLO-678	0
HPRT1	HPRT1-002	processed_transcript	WildType	GP2d	0.0922799
HPRT1	HPRT1-002	processed_transcript	WildType	HCT_116	0.423428
HPRT1	HPRT1-002	processed_transcript	WildType	LoVo	0.279274
HPRT1	HPRT1-002	processed_transcript	WildType	LS_180	0
HPRT1	HPRT1-002	processed_transcript	WildType	LS513	0.0800917
HPRT1	HPRT1-002	processed_transcript	WildType	RKO	0.0969313
HPRT1	HPRT1-002	processed_transcript	WildType	SK-CO-1	0.0940608
HPRT1	HPRT1-002	processed_transcript	WildType	SNU-520	0
HPRT1	HPRT1-002	processed_transcript	WildType	SNU-719	0
HPRT1	HPRT1-002	processed_transcript	WildType	NUGC-4	0
HPRT1	HPRT1-002	processed_transcript	WildType	MKN-45	0
HPRT1	HPRT1-002	processed_transcript	WildType	Hep_G2	0
HPRT1	HPRT1-002	processed_transcript	WildType	ML-1	0.0910489
HPRT1	HPRT1-002	processed_transcript	WildType	PL-21	0
HPRT1	HPRT1-002	processed_transcript	WildType	Reh	0.349712
HPRT1	HPRT1-002	processed_transcript	WildType	MEL-JUSO	0.320014
HPRT1	HPRT1-002	processed_transcript	WildType	MeWo	0.112631
HPRT1	HPRT1-002	processed_transcript	WildType	A549	0
HPRT1	HPRT1-002	processed_transcript	WildType	NCI-H460	0.26683
HPRT1	HPRT1-002	processed_transcript	WildType	NCI-H838	0.224549
HPRT1	HPRT1-002	processed_transcript	WildType	NCI-H1385	0
HPRT1	HPRT1-002	processed_transcript	WildType	NCI-H1568	0.317087
HPRT1	HPRT1-002	processed_transcript	WildType	NCI-H1944	0.137803
HPRT1	HPRT1-002	processed_transcript	WildType	NCI-H2023	0.0929992
HPRT1	HPRT1-002	processed_transcript	WildType	NCI-H2030	0.0825517
HPRT1	HPRT1-002	processed_transcript	WildType	NCI-H2126	0.0845267
HPRT1	HPRT1-002	processed_transcript	WildType	NCI-H2347	0.341136
HPRT1	HPRT1-002	processed_transcript	WildType	NCI-H1395	0
HPRT1	HPRT1-002	processed_transcript	WildType	NCI-H1563	0.0839257
HPRT1	HPRT1-002	processed_transcript	WildType	NCI-H1650	0
HPRT1	HPRT1-002	processed_transcript	WildType	NCI-H1666	0
HPRT1	HPRT1-002	processed_transcript	WildType	NCI-H1975	0.187145
HPRT1	HPRT1-002	processed_transcript	WildType	NCI-H2170	0
HPRT1	HPRT1-002	processed_transcript	WildType	NCI-H2228	0
HPRT1	HPRT1-002	processed_transcript	WildType	NCI-H2342	0.0984047
HPRT1	HPRT1-002	processed_transcript	WildType	NCI-H2347	0.341136
HPRT1	HPRT1-002	processed_transcript	WildType	NCI-H810	0
HPRT1	HPRT1-002	processed_transcript	WildType	A2780	0.251632
HPRT1	HPRT1-002	processed_transcript	WildType	NCI-H209	0.100447
HPRT1	HPRT1-002	processed_transcript	WildType	NCI-H2081	0.189509
HPRT1	HPRT1-002	processed_transcript	WildType	NCI-H446	0
HPRT1	HPRT1-002	processed_transcript	WildType	SR-786	0.504559
HPRT1	HPRT1-002	processed_transcript	WildType	NCI-H460	0.26683
HPRT1	HPRT1-002	processed_transcript	WildType	LOX_IMVI	0.0842323
HPRT1	HPRT1-002	processed_transcript	WildType	SK-MEL-5	0.0860806
HPRT1	HPRT1-002	processed_transcript	WildType	UACC-257	0.229258
HPRT1	HPRT1-002	processed_transcript	WildType	UACC-62	0.0942311
HPRT1	HPRT1-002	processed_transcript	WildType	A-498	0.191576
HPRT1	HPRT1-002	processed_transcript	WildType	ACHN	0
HPRT1	HPRT1-002	processed_transcript	Null	KATO_III	0.108772
HPRT1	HPRT1-002	processed_transcript	Null	Hep_3B2.1-7	0
HPRT1	HPRT1-002	processed_transcript	Null	NCI-H1299	0.0821835
HPRT1	HPRT1-002	processed_transcript	Null	Calu-1	0.0973588
HPRT1	HPRT1-002	processed_transcript	Null	HL-60	0
HPRT1	HPRT1-002	processed_transcript	Null	SK-N-MC	0.170565
HPRT1	HPRT1-002	processed_transcript	Null	PC-3	0.0936277
HPRT1	HPRT1-002	processed_transcript	Null	MDA-MB-157	0.0937784
HPRT1	HPRT1-002	processed_transcript	R175H	SK-UT-1	0.0979727
HPRT1	HPRT1-002	processed_transcript	R175H	HuCCT1	0.0617819
HPRT1	HPRT1-002	processed_transcript	R175H	HCC1395	0.117914
HPRT1	HPRT1-002	processed_transcript	R175H	SK-BR-3	0
HPRT1	HPRT1-002	processed_transcript	R175H	LS123	0.106865
HPRT1	HPRT1-002	processed_transcript	R175H	SNU-61	0.14613
HPRT1	HPRT1-002	processed_transcript	R175H	KLE	0.107456
HPRT1	HPRT1-002	processed_transcript	R175H	CAL-33	0.251317
HPRT1	HPRT1-002	processed_transcript	R175H	SK-UT-1	0.0979727
HPRT1	HPRT1-002	processed_transcript	R175H	TOV-112D	0
HPRT1	HPRT1-002	processed_transcript	R175H	SNU-213	0
HPRT1	HPRT1-002	processed_transcript	R175H	VM-CUB1	0
HPRT1	HPRT1-002	processed_transcript	R248Q	KASUMI-1	0
HPRT1	HPRT1-002	processed_transcript	R248Q	639-V	0.191638
HPRT1	HPRT1-002	processed_transcript	R248Q	RT-112	0.104828
HPRT1	HPRT1-002	processed_transcript	R248Q	HCC1143	0.106491
HPRT1	HPRT1-002	processed_transcript	R248Q	HCC70	0.10246
HPRT1	HPRT1-002	processed_transcript	R248Q	BL-41	0.0944329
HPRT1	HPRT1-002	processed_transcript	R248Q	CA46	0.193254
HPRT1	HPRT1-002	processed_transcript	R248Q	NAMALWA	0
HPRT1	HPRT1-002	processed_transcript	R248Q	KYO-1	0.0897586
HPRT1	HPRT1-002	processed_transcript	R248Q	SW1463	0
HPRT1	HPRT1-002	processed_transcript	R248Q	HEC-1-A	0.0931322
HPRT1	HPRT1-002	processed_transcript	R248Q	HEC-1-B	0.0760631
HPRT1	HPRT1-002	processed_transcript	R248Q	KYSE-150	0.100929
HPRT1	HPRT1-002	processed_transcript	R248Q	TE-6	0
HPRT1	HPRT1-002	processed_transcript	R248Q	NCI-N87	0.102109
HPRT1	HPRT1-002	processed_transcript	R248Q	SF-295	0.278053
HPRT1	HPRT1-002	processed_transcript	R248Q	HSC-4	0.275829
HPRT1	HPRT1-002	processed_transcript	R248Q	SK-UT-1	0.0979727
HPRT1	HPRT1-002	processed_transcript	R248Q	PC-14	0.17982
HPRT1	HPRT1-002	processed_transcript	R248Q	NCI-H211	0.416716
HPRT1	HPRT1-002	processed_transcript	R248Q	SKM-1	0.224877
HPRT1	HPRT1-002	processed_transcript	R248Q	NIH_OVCAR-3	0.129255
HPRT1	HPRT1-002	processed_transcript	R248Q	P12-ICHIKAWA	0.152137
HPRT1	HPRT1-002	processed_transcript	R248Q	SUP-T1	0
HPRT1	HPRT1-002	processed_transcript	R273H	MONO-MAC-1	0
HPRT1	HPRT1-002	processed_transcript	R273H	SU-DHL-1	0.078159
HPRT1	HPRT1-002	processed_transcript	R273H	MDA-MB-436	0.107553
HPRT1	HPRT1-002	processed_transcript	R273H	MDA-MB-468	0.156625
HPRT1	HPRT1-002	processed_transcript	R273H	HT-29	0.39387
HPRT1	HPRT1-002	processed_transcript	R273H	NCI-H508	0
HPRT1	HPRT1-002	processed_transcript	R273H	SW480	0.206609
HPRT1	HPRT1-002	processed_transcript	R273H	HEC-59	0.118474
HPRT1	HPRT1-002	processed_transcript	R273H	SNU-601	0.257076
HPRT1	HPRT1-002	processed_transcript	R273H	U-251_MG	0.434164
HPRT1	HPRT1-002	processed_transcript	R273H	YD-8	0.385418
HPRT1	HPRT1-002	processed_transcript	R273H	NCI-H1155	0.831125
HPRT1	HPRT1-002	processed_transcript	R273H	NCI-H1793	0.400125
HPRT1	HPRT1-002	processed_transcript	R273H	NCI-H2405	0.41309
HPRT1	HPRT1-002	processed_transcript	R273H	SK-MEL-30	0.218795
HPRT1	HPRT1-002	processed_transcript	R273H	Capan-2	0.177498
HPRT1	HPRT1-002	processed_transcript	R273H	PANC-1	0.258137
HPRT1	HPRT1-002	processed_transcript	R273H	SUIT-2	0
HPRT1	HPRT1-002	processed_transcript	R273H	MOLT-13	0.347924
HPRT1	HPRT1-002	processed_transcript	R273H	8305C	0
HPRT1	HPRT1-002	processed_transcript	R273H	DU_145	0.474022
HPRT1	HPRT1-003	processed_transcript	WildType	NUGC-4	13.4028
HPRT1	HPRT1-003	processed_transcript	WildType	ZR-75-1	10.9732
HPRT1	HPRT1-003	processed_transcript	WildType	KG-1-C	22.5973
HPRT1	HPRT1-003	processed_transcript	WildType	NB-1	26.616
HPRT1	HPRT1-003	processed_transcript	WildType	NH-6	23.4042
HPRT1	HPRT1-003	processed_transcript	WildType	DU4475	22.8508
HPRT1	HPRT1-003	processed_transcript	WildType	MDA-MB-175-VII	12.8488
HPRT1	HPRT1-003	processed_transcript	WildType	UACC-812	4.05713
HPRT1	HPRT1-003	processed_transcript	WildType	ZR-75-1	10.9732
HPRT1	HPRT1-003	processed_transcript	WildType	ZR-75-30	19.6588
HPRT1	HPRT1-003	processed_transcript	WildType	COLO-678	25.0538
HPRT1	HPRT1-003	processed_transcript	WildType	GP2d	32.2286
HPRT1	HPRT1-003	processed_transcript	WildType	HCT_116	5.84787
HPRT1	HPRT1-003	processed_transcript	WildType	LoVo	16.9252
HPRT1	HPRT1-003	processed_transcript	WildType	LS_180	21.7976
HPRT1	HPRT1-003	processed_transcript	WildType	LS513	10.8923
HPRT1	HPRT1-003	processed_transcript	WildType	RKO	22.3732
HPRT1	HPRT1-003	processed_transcript	WildType	SK-CO-1	25.6545
HPRT1	HPRT1-003	processed_transcript	WildType	SNU-520	22.4735
HPRT1	HPRT1-003	processed_transcript	WildType	SNU-719	20.7443
HPRT1	HPRT1-003	processed_transcript	WildType	NUGC-4	13.4028
HPRT1	HPRT1-003	processed_transcript	WildType	MKN-45	29.2097
HPRT1	HPRT1-003	processed_transcript	WildType	Hep_G2	17.2294
HPRT1	HPRT1-003	processed_transcript	WildType	ML-1	27.8587
HPRT1	HPRT1-003	processed_transcript	WildType	PL-21	18.9686
HPRT1	HPRT1-003	processed_transcript	WildType	Reh	36.0485
HPRT1	HPRT1-003	processed_transcript	WildType	MEL-JUSO	22.7963
HPRT1	HPRT1-003	processed_transcript	WildType	MeWo	25.5309
HPRT1	HPRT1-003	processed_transcript	WildType	A549	5.39639
HPRT1	HPRT1-003	processed_transcript	WildType	NCI-H460	44.2356
HPRT1	HPRT1-003	processed_transcript	WildType	NCI-H838	35.1653
HPRT1	HPRT1-003	processed_transcript	WildType	NCI-H1385	12.946
HPRT1	HPRT1-003	processed_transcript	WildType	NCI-H1568	37.7679
HPRT1	HPRT1-003	processed_transcript	WildType	NCI-H1944	18.1051
HPRT1	HPRT1-003	processed_transcript	WildType	NCI-H2023	19.3823
HPRT1	HPRT1-003	processed_transcript	WildType	NCI-H2030	37.2173
HPRT1	HPRT1-003	processed_transcript	WildType	NCI-H2126	21.5547
HPRT1	HPRT1-003	processed_transcript	WildType	NCI-H2347	36.2179
HPRT1	HPRT1-003	processed_transcript	WildType	NCI-H1395	7.23507
HPRT1	HPRT1-003	processed_transcript	WildType	NCI-H1563	27.298
HPRT1	HPRT1-003	processed_transcript	WildType	NCI-H1650	12.9297
HPRT1	HPRT1-003	processed_transcript	WildType	NCI-H1666	13.2053
HPRT1	HPRT1-003	processed_transcript	WildType	NCI-H1975	47.8536
HPRT1	HPRT1-003	processed_transcript	WildType	NCI-H2170	25.7203
HPRT1	HPRT1-003	processed_transcript	WildType	NCI-H2228	18.2835
HPRT1	HPRT1-003	processed_transcript	WildType	NCI-H2342	23.772
HPRT1	HPRT1-003	processed_transcript	WildType	NCI-H2347	36.2179
HPRT1	HPRT1-003	processed_transcript	WildType	NCI-H810	18.3178
HPRT1	HPRT1-003	processed_transcript	WildType	A2780	24.3666
HPRT1	HPRT1-003	processed_transcript	WildType	NCI-H209	24.1483
HPRT1	HPRT1-003	processed_transcript	WildType	NCI-H2081	43.288
HPRT1	HPRT1-003	processed_transcript	WildType	NCI-H446	59.3066
HPRT1	HPRT1-003	processed_transcript	WildType	SR-786	30.5595
HPRT1	HPRT1-003	processed_transcript	WildType	NCI-H460	44.2356
HPRT1	HPRT1-003	processed_transcript	WildType	LOX_IMVI	45.4249
HPRT1	HPRT1-003	processed_transcript	WildType	SK-MEL-5	16.6271
HPRT1	HPRT1-003	processed_transcript	WildType	UACC-257	10.2116
HPRT1	HPRT1-003	processed_transcript	WildType	UACC-62	14.3156
HPRT1	HPRT1-003	processed_transcript	WildType	A-498	17.1118
HPRT1	HPRT1-003	processed_transcript	WildType	ACHN	30.6202
HPRT1	HPRT1-003	processed_transcript	Null	KATO_III	8.95297
HPRT1	HPRT1-003	processed_transcript	Null	Hep_3B2.1-7	10.4512
HPRT1	HPRT1-003	processed_transcript	Null	NCI-H1299	30.2629
HPRT1	HPRT1-003	processed_transcript	Null	Calu-1	28.1801
HPRT1	HPRT1-003	processed_transcript	Null	HL-60	3.09913
HPRT1	HPRT1-003	processed_transcript	Null	SK-N-MC	28.0901
HPRT1	HPRT1-003	processed_transcript	Null	PC-3	24.1683
HPRT1	HPRT1-003	processed_transcript	Null	MDA-MB-157	27.1182
HPRT1	HPRT1-003	processed_transcript	R175H	SK-UT-1	59.4395
HPRT1	HPRT1-003	processed_transcript	R175H	HuCCT1	2.72652
HPRT1	HPRT1-003	processed_transcript	R175H	HCC1395	50.7876
HPRT1	HPRT1-003	processed_transcript	R175H	SK-BR-3	4.19653
HPRT1	HPRT1-003	processed_transcript	R175H	LS123	30.6375
HPRT1	HPRT1-003	processed_transcript	R175H	SNU-61	39.8597
HPRT1	HPRT1-003	processed_transcript	R175H	KLE	33.031
HPRT1	HPRT1-003	processed_transcript	R175H	CAL-33	23.5755
HPRT1	HPRT1-003	processed_transcript	R175H	SK-UT-1	59.4395
HPRT1	HPRT1-003	processed_transcript	R175H	TOV-112D	44.5103
HPRT1	HPRT1-003	processed_transcript	R175H	SNU-213	18.9642
HPRT1	HPRT1-003	processed_transcript	R175H	VM-CUB1	24.5473
HPRT1	HPRT1-003	processed_transcript	R248Q	KASUMI-1	28.369
HPRT1	HPRT1-003	processed_transcript	R248Q	639-V	65.9368
HPRT1	HPRT1-003	processed_transcript	R248Q	RT-112	19.7445
HPRT1	HPRT1-003	processed_transcript	R248Q	HCC1143	20.4693
HPRT1	HPRT1-003	processed_transcript	R248Q	HCC70	34.431
HPRT1	HPRT1-003	processed_transcript	R248Q	BL-41	63.2857
HPRT1	HPRT1-003	processed_transcript	R248Q	CA46	22.7021
HPRT1	HPRT1-003	processed_transcript	R248Q	NAMALWA	25.2547
HPRT1	HPRT1-003	processed_transcript	R248Q	KYO-1	26.3456
HPRT1	HPRT1-003	processed_transcript	R248Q	SW1463	8.00583
HPRT1	HPRT1-003	processed_transcript	R248Q	HEC-1-A	33.3606
HPRT1	HPRT1-003	processed_transcript	R248Q	HEC-1-B	16.1428
HPRT1	HPRT1-003	processed_transcript	R248Q	KYSE-150	36.3062
HPRT1	HPRT1-003	processed_transcript	R248Q	TE-6	21.6974
HPRT1	HPRT1-003	processed_transcript	R248Q	NCI-N87	31.916
HPRT1	HPRT1-003	processed_transcript	R248Q	SF-295	40.7626
HPRT1	HPRT1-003	processed_transcript	R248Q	HSC-4	13.874
HPRT1	HPRT1-003	processed_transcript	R248Q	SK-UT-1	59.4395
HPRT1	HPRT1-003	processed_transcript	R248Q	PC-14	25.9584
HPRT1	HPRT1-003	processed_transcript	R248Q	NCI-H211	27.6117
HPRT1	HPRT1-003	processed_transcript	R248Q	SKM-1	35.5696
HPRT1	HPRT1-003	processed_transcript	R248Q	NIH_OVCAR-3	9.5325
HPRT1	HPRT1-003	processed_transcript	R248Q	P12-ICHIKAWA	66.0312
HPRT1	HPRT1-003	processed_transcript	R248Q	SUP-T1	42.237
HPRT1	HPRT1-003	processed_transcript	R273H	MONO-MAC-1	24.9363
HPRT1	HPRT1-003	processed_transcript	R273H	SU-DHL-1	162.471
HPRT1	HPRT1-003	processed_transcript	R273H	MDA-MB-436	44.9726
HPRT1	HPRT1-003	processed_transcript	R273H	MDA-MB-468	30.3174
HPRT1	HPRT1-003	processed_transcript	R273H	HT-29	23.3519
HPRT1	HPRT1-003	processed_transcript	R273H	NCI-H508	2.70966
HPRT1	HPRT1-003	processed_transcript	R273H	SW480	42.12
HPRT1	HPRT1-003	processed_transcript	R273H	HEC-59	39.1643
HPRT1	HPRT1-003	processed_transcript	R273H	SNU-601	44.066
HPRT1	HPRT1-003	processed_transcript	R273H	U-251_MG	26.2749
HPRT1	HPRT1-003	processed_transcript	R273H	YD-8	12.939
HPRT1	HPRT1-003	processed_transcript	R273H	NCI-H1155	119.457
HPRT1	HPRT1-003	processed_transcript	R273H	NCI-H1793	47.1945
HPRT1	HPRT1-003	processed_transcript	R273H	NCI-H2405	25.1506
HPRT1	HPRT1-003	processed_transcript	R273H	SK-MEL-30	17.8997
HPRT1	HPRT1-003	processed_transcript	R273H	Capan-2	30.4306
HPRT1	HPRT1-003	processed_transcript	R273H	PANC-1	46.7226
HPRT1	HPRT1-003	processed_transcript	R273H	SUIT-2	38.7026
HPRT1	HPRT1-003	processed_transcript	R273H	MOLT-13	24.2618
HPRT1	HPRT1-003	processed_transcript	R273H	8305C	39.4734
HPRT1	HPRT1-003	processed_transcript	R273H	DU_145	29.2344
TK1	TK1-004	protein_coding	WildType	NUGC-4	1.98149
TK1	TK1-004	protein_coding	WildType	ZR-75-1	3.2068
TK1	TK1-004	protein_coding	WildType	KG-1-C	0
TK1	TK1-004	protein_coding	WildType	NB-1	4.65951
TK1	TK1-004	protein_coding	WildType	NH-6	3.51428
TK1	TK1-004	protein_coding	WildType	DU4475	1.82621
TK1	TK1-004	protein_coding	WildType	MDA-MB-175-VII	0.438774
TK1	TK1-004	protein_coding	WildType	UACC-812	1.42364
TK1	TK1-004	protein_coding	WildType	ZR-75-1	3.2068
TK1	TK1-004	protein_coding	WildType	ZR-75-30	0.165018
TK1	TK1-004	protein_coding	WildType	COLO-678	5.72714
TK1	TK1-004	protein_coding	WildType	GP2d	1.57177
TK1	TK1-004	protein_coding	WildType	HCT_116	3.94165
TK1	TK1-004	protein_coding	WildType	LoVo	1.50425
TK1	TK1-004	protein_coding	WildType	LS_180	1.52292
TK1	TK1-004	protein_coding	WildType	LS513	1.10778
TK1	TK1-004	protein_coding	WildType	RKO	1.72824
TK1	TK1-004	protein_coding	WildType	SK-CO-1	5.39308
TK1	TK1-004	protein_coding	WildType	SNU-520	2.07145
TK1	TK1-004	protein_coding	WildType	SNU-719	1.22991
TK1	TK1-004	protein_coding	WildType	NUGC-4	1.98149
TK1	TK1-004	protein_coding	WildType	MKN-45	0.675354
TK1	TK1-004	protein_coding	WildType	Hep_G2	1.37574
TK1	TK1-004	protein_coding	WildType	ML-1	1.41739
TK1	TK1-004	protein_coding	WildType	PL-21	1.73869
TK1	TK1-004	protein_coding	WildType	Reh	3.03277
TK1	TK1-004	protein_coding	WildType	MEL-JUSO	7.69042
TK1	TK1-004	protein_coding	WildType	MeWo	2.88578
TK1	TK1-004	protein_coding	WildType	A549	5.91226
TK1	TK1-004	protein_coding	WildType	NCI-H460	6.31042
TK1	TK1-004	protein_coding	WildType	NCI-H838	3.94995
TK1	TK1-004	protein_coding	WildType	NCI-H1385	5.57958
TK1	TK1-004	protein_coding	WildType	NCI-H1568	1.49342
TK1	TK1-004	protein_coding	WildType	NCI-H1944	2.15945
TK1	TK1-004	protein_coding	WildType	NCI-H2023	2.04291
TK1	TK1-004	protein_coding	WildType	NCI-H2030	2.5108
TK1	TK1-004	protein_coding	WildType	NCI-H2126	1.51604
TK1	TK1-004	protein_coding	WildType	NCI-H2347	3.12794
TK1	TK1-004	protein_coding	WildType	NCI-H1395	1.32396
TK1	TK1-004	protein_coding	WildType	NCI-H1563	0.803679
TK1	TK1-004	protein_coding	WildType	NCI-H1650	3.63179
TK1	TK1-004	protein_coding	WildType	NCI-H1666	0.950543
TK1	TK1-004	protein_coding	WildType	NCI-H1975	0.436989
TK1	TK1-004	protein_coding	WildType	NCI-H2170	1.51507
TK1	TK1-004	protein_coding	WildType	NCI-H2228	1.69225
TK1	TK1-004	protein_coding	WildType	NCI-H2342	3.11485
TK1	TK1-004	protein_coding	WildType	NCI-H2347	3.12794
TK1	TK1-004	protein_coding	WildType	NCI-H810	1.99996
TK1	TK1-004	protein_coding	WildType	A2780	3.18705
TK1	TK1-004	protein_coding	WildType	NCI-H209	0.554315
TK1	TK1-004	protein_coding	WildType	NCI-H2081	4.28382
TK1	TK1-004	protein_coding	WildType	NCI-H446	2.46993
TK1	TK1-004	protein_coding	WildType	SR-786	0.942023
TK1	TK1-004	protein_coding	WildType	NCI-H460	6.31042
TK1	TK1-004	protein_coding	WildType	LOX_IMVI	2.36415
TK1	TK1-004	protein_coding	WildType	SK-MEL-5	3.99427
TK1	TK1-004	protein_coding	WildType	UACC-257	3.07012
TK1	TK1-004	protein_coding	WildType	UACC-62	0.396819
TK1	TK1-004	protein_coding	WildType	A-498	2.0205
TK1	TK1-004	protein_coding	WildType	ACHN	1.74761
TK1	TK1-004	protein_coding	Null	KATO_III	7.01594
TK1	TK1-004	protein_coding	Null	Hep_3B2.1-7	2.45324
TK1	TK1-004	protein_coding	Null	NCI-H1299	1.58895
TK1	TK1-004	protein_coding	Null	Calu-1	3.18514
TK1	TK1-004	protein_coding	Null	HL-60	0
TK1	TK1-004	protein_coding	Null	SK-N-MC	1.25551
TK1	TK1-004	protein_coding	Null	PC-3	3.43049
TK1	TK1-004	protein_coding	Null	MDA-MB-157	6.88511
TK1	TK1-004	protein_coding	R175H	SK-UT-1	6.90714
TK1	TK1-004	protein_coding	R175H	HuCCT1	0
TK1	TK1-004	protein_coding	R175H	HCC1395	3.90368
TK1	TK1-004	protein_coding	R175H	SK-BR-3	4.3962
TK1	TK1-004	protein_coding	R175H	LS123	0.943477
TK1	TK1-004	protein_coding	R175H	SNU-61	5.362
TK1	TK1-004	protein_coding	R175H	KLE	1.42846
TK1	TK1-004	protein_coding	R175H	CAL-33	1.88665
TK1	TK1-004	protein_coding	R175H	SK-UT-1	6.90714
TK1	TK1-004	protein_coding	R175H	TOV-112D	2.09377
TK1	TK1-004	protein_coding	R175H	SNU-213	2.03355
TK1	TK1-004	protein_coding	R175H	VM-CUB1	4.14439
TK1	TK1-004	protein_coding	R248Q	KASUMI-1	2.45696
TK1	TK1-004	protein_coding	R248Q	639-V	4.25615
TK1	TK1-004	protein_coding	R248Q	RT-112	4.14231
TK1	TK1-004	protein_coding	R248Q	HCC1143	4.10923
TK1	TK1-004	protein_coding	R248Q	HCC70	5.92806
TK1	TK1-004	protein_coding	R248Q	BL-41	0.997574
TK1	TK1-004	protein_coding	R248Q	CA46	0
TK1	TK1-004	protein_coding	R248Q	NAMALWA	0.799714
TK1	TK1-004	protein_coding	R248Q	KYO-1	5.47124
TK1	TK1-004	protein_coding	R248Q	SW1463	0
TK1	TK1-004	protein_coding	R248Q	HEC-1-A	3.09142
TK1	TK1-004	protein_coding	R248Q	HEC-1-B	1.21344
TK1	TK1-004	protein_coding	R248Q	KYSE-150	0.0108454
TK1	TK1-004	protein_coding	R248Q	TE-6	5.98252
TK1	TK1-004	protein_coding	R248Q	NCI-N87	2.68266
TK1	TK1-004	protein_coding	R248Q	SF-295	5.18715
TK1	TK1-004	protein_coding	R248Q	HSC-4	0.272798
TK1	TK1-004	protein_coding	R248Q	SK-UT-1	6.90714
TK1	TK1-004	protein_coding	R248Q	PC-14	3.57117
TK1	TK1-004	protein_coding	R248Q	NCI-H211	2.13394
TK1	TK1-004	protein_coding	R248Q	SKM-1	1.36175
TK1	TK1-004	protein_coding	R248Q	NIH_OVCAR-3	5.51822
TK1	TK1-004	protein_coding	R248Q	P12-ICHIKAWA	0.63227
TK1	TK1-004	protein_coding	R248Q	SUP-T1	3.38689
TK1	TK1-004	protein_coding	R273H	MONO-MAC-1	0.512848
TK1	TK1-004	protein_coding	R273H	SU-DHL-1	7.30248
TK1	TK1-004	protein_coding	R273H	MDA-MB-436	1.76538
TK1	TK1-004	protein_coding	R273H	MDA-MB-468	2.68414
TK1	TK1-004	protein_coding	R273H	HT-29	11.3651
TK1	TK1-004	protein_coding	R273H	NCI-H508	0.716473
TK1	TK1-004	protein_coding	R273H	SW480	2.39449
TK1	TK1-004	protein_coding	R273H	HEC-59	4.03503
TK1	TK1-004	protein_coding	R273H	SNU-601	3.71026
TK1	TK1-004	protein_coding	R273H	U-251_MG	3.03785
TK1	TK1-004	protein_coding	R273H	YD-8	0.75945
TK1	TK1-004	protein_coding	R273H	NCI-H1155	2.47417
TK1	TK1-004	protein_coding	R273H	NCI-H1793	0.651552
TK1	TK1-004	protein_coding	R273H	NCI-H2405	2.58895
TK1	TK1-004	protein_coding	R273H	SK-MEL-30	3.39219
TK1	TK1-004	protein_coding	R273H	Capan-2	2.27597
TK1	TK1-004	protein_coding	R273H	PANC-1	2.81627
TK1	TK1-004	protein_coding	R273H	SUIT-2	10.9974
TK1	TK1-004	protein_coding	R273H	MOLT-13	0.356272
TK1	TK1-004	protein_coding	R273H	8305C	3.17622
TK1	TK1-004	protein_coding	R273H	DU_145	3.57887
TK1	TK1-002	protein_coding	WildType	NUGC-4	0.97583
TK1	TK1-002	protein_coding	WildType	ZR-75-1	0.4078
TK1	TK1-002	protein_coding	WildType	KG-1-C	1.06741
TK1	TK1-002	protein_coding	WildType	NB-1	8.93056
TK1	TK1-002	protein_coding	WildType	NH-6	7.86019
TK1	TK1-002	protein_coding	WildType	DU4475	0.987273
TK1	TK1-002	protein_coding	WildType	MDA-MB-175-VII	0.9006
TK1	TK1-002	protein_coding	WildType	UACC-812	2.09301
TK1	TK1-002	protein_coding	WildType	ZR-75-1	0.4078
TK1	TK1-002	protein_coding	WildType	ZR-75-30	1.29478
TK1	TK1-002	protein_coding	WildType	COLO-678	0.382255
TK1	TK1-002	protein_coding	WildType	GP2d	2.70665
TK1	TK1-002	protein_coding	WildType	HCT_116	4.97004
TK1	TK1-002	protein_coding	WildType	LoVo	4.11002
TK1	TK1-002	protein_coding	WildType	LS_180	2.56872
TK1	TK1-002	protein_coding	WildType	LS513	1.12945
TK1	TK1-002	protein_coding	WildType	RKO	3.25711
TK1	TK1-002	protein_coding	WildType	SK-CO-1	2.23829
TK1	TK1-002	protein_coding	WildType	SNU-520	1.68803
TK1	TK1-002	protein_coding	WildType	SNU-719	0.37892
TK1	TK1-002	protein_coding	WildType	NUGC-4	0.97583
TK1	TK1-002	protein_coding	WildType	MKN-45	2.12339
TK1	TK1-002	protein_coding	WildType	Hep_G2	1.67459
TK1	TK1-002	protein_coding	WildType	ML-1	2.98812
TK1	TK1-002	protein_coding	WildType	PL-21	1.82408
TK1	TK1-002	protein_coding	WildType	Reh	3.35267
TK1	TK1-002	protein_coding	WildType	MEL-JUSO	19.1083
TK1	TK1-002	protein_coding	WildType	MeWo	4.09035
TK1	TK1-002	protein_coding	WildType	A549	8.40046
TK1	TK1-002	protein_coding	WildType	NCI-H460	5.28675
TK1	TK1-002	protein_coding	WildType	NCI-H838	6.91869
TK1	TK1-002	protein_coding	WildType	NCI-H1385	2.23173
TK1	TK1-002	protein_coding	WildType	NCI-H1568	3.39205
TK1	TK1-002	protein_coding	WildType	NCI-H1944	1.14419
TK1	TK1-002	protein_coding	WildType	NCI-H2023	4.35103
TK1	TK1-002	protein_coding	WildType	NCI-H2030	3.75733
TK1	TK1-002	protein_coding	WildType	NCI-H2126	0.35537
TK1	TK1-002	protein_coding	WildType	NCI-H2347	6.75929
TK1	TK1-002	protein_coding	WildType	NCI-H1395	0.457167
TK1	TK1-002	protein_coding	WildType	NCI-H1563	0.682501
TK1	TK1-002	protein_coding	WildType	NCI-H1650	5.41635
TK1	TK1-002	protein_coding	WildType	NCI-H1666	1.57321
TK1	TK1-002	protein_coding	WildType	NCI-H1975	3.1529
TK1	TK1-002	protein_coding	WildType	NCI-H2170	1.93905
TK1	TK1-002	protein_coding	WildType	NCI-H2228	0.554491
TK1	TK1-002	protein_coding	WildType	NCI-H2342	1.16174
TK1	TK1-002	protein_coding	WildType	NCI-H2347	6.75929
TK1	TK1-002	protein_coding	WildType	NCI-H810	2.03271
TK1	TK1-002	protein_coding	WildType	A2780	5.56628
TK1	TK1-002	protein_coding	WildType	NCI-H209	1.83106
TK1	TK1-002	protein_coding	WildType	NCI-H2081	2.36229
TK1	TK1-002	protein_coding	WildType	NCI-H446	1.17308
TK1	TK1-002	protein_coding	WildType	SR-786	1.42205
TK1	TK1-002	protein_coding	WildType	NCI-H460	5.28675
TK1	TK1-002	protein_coding	WildType	LOX_IMVI	2.52334
TK1	TK1-002	protein_coding	WildType	SK-MEL-5	3.97652
TK1	TK1-002	protein_coding	WildType	UACC-257	0.505629
TK1	TK1-002	protein_coding	WildType	UACC-62	3.63234
TK1	TK1-002	protein_coding	WildType	A-498	4.59341
TK1	TK1-002	protein_coding	WildType	ACHN	3.88679
TK1	TK1-002	protein_coding	Null	KATO_III	5.12566
TK1	TK1-002	protein_coding	Null	Hep_3B2.1-7	3.46668
TK1	TK1-002	protein_coding	Null	NCI-H1299	6.56745
TK1	TK1-002	protein_coding	Null	Calu-1	10.5199
TK1	TK1-002	protein_coding	Null	HL-60	0.825251
TK1	TK1-002	protein_coding	Null	SK-N-MC	3.90214
TK1	TK1-002	protein_coding	Null	PC-3	7.29018
TK1	TK1-002	protein_coding	Null	MDA-MB-157	20.6844
TK1	TK1-002	protein_coding	R175H	SK-UT-1	20.4695
TK1	TK1-002	protein_coding	R175H	HuCCT1	0.676327
TK1	TK1-002	protein_coding	R175H	HCC1395	19.4654
TK1	TK1-002	protein_coding	R175H	SK-BR-3	3.41536
TK1	TK1-002	protein_coding	R175H	LS123	2.33133
TK1	TK1-002	protein_coding	R175H	SNU-61	3.19736
TK1	TK1-002	protein_coding	R175H	KLE	3.17929
TK1	TK1-002	protein_coding	R175H	CAL-33	0.227009
TK1	TK1-002	protein_coding	R175H	SK-UT-1	20.4695
TK1	TK1-002	protein_coding	R175H	TOV-112D	4.18974
TK1	TK1-002	protein_coding	R175H	SNU-213	1.13371
TK1	TK1-002	protein_coding	R175H	VM-CUB1	1.95314
TK1	TK1-002	protein_coding	R248Q	KASUMI-1	2.18703
TK1	TK1-002	protein_coding	R248Q	639-V	6.13911
TK1	TK1-002	protein_coding	R248Q	RT-112	1.34275
TK1	TK1-002	protein_coding	R248Q	HCC1143	10.6368
TK1	TK1-002	protein_coding	R248Q	HCC70	2.29302
TK1	TK1-002	protein_coding	R248Q	BL-41	4.00908
TK1	TK1-002	protein_coding	R248Q	CA46	0.172812
TK1	TK1-002	protein_coding	R248Q	NAMALWA	4.22674
TK1	TK1-002	protein_coding	R248Q	KYO-1	5.5061
TK1	TK1-002	protein_coding	R248Q	SW1463	2.73442
TK1	TK1-002	protein_coding	R248Q	HEC-1-A	7.57294
TK1	TK1-002	protein_coding	R248Q	HEC-1-B	7.89698
TK1	TK1-002	protein_coding	R248Q	KYSE-150	0.923485
TK1	TK1-002	protein_coding	R248Q	TE-6	1.17769
TK1	TK1-002	protein_coding	R248Q	NCI-N87	2.1318
TK1	TK1-002	protein_coding	R248Q	SF-295	11.9153
TK1	TK1-002	protein_coding	R248Q	HSC-4	0.356182
TK1	TK1-002	protein_coding	R248Q	SK-UT-1	20.4695
TK1	TK1-002	protein_coding	R248Q	PC-14	2.30029
TK1	TK1-002	protein_coding	R248Q	NCI-H211	1.188
TK1	TK1-002	protein_coding	R248Q	SKM-1	3.03909
TK1	TK1-002	protein_coding	R248Q	NIH_OVCAR-3	4.36489
TK1	TK1-002	protein_coding	R248Q	P12-ICHIKAWA	0.549033
TK1	TK1-002	protein_coding	R248Q	SUP-T1	1.43424
TK1	TK1-002	protein_coding	R273H	MONO-MAC-1	0.876794
TK1	TK1-002	protein_coding	R273H	SU-DHL-1	3.26374
TK1	TK1-002	protein_coding	R273H	MDA-MB-436	5.34619
TK1	TK1-002	protein_coding	R273H	MDA-MB-468	1.09442
TK1	TK1-002	protein_coding	R273H	HT-29	3.79136
TK1	TK1-002	protein_coding	R273H	NCI-H508	0.444924
TK1	TK1-002	protein_coding	R273H	SW480	1.00439
TK1	TK1-002	protein_coding	R273H	HEC-59	8.0944
TK1	TK1-002	protein_coding	R273H	SNU-601	5.04936
TK1	TK1-002	protein_coding	R273H	U-251_MG	2.27341
TK1	TK1-002	protein_coding	R273H	YD-8	1.35193
TK1	TK1-002	protein_coding	R273H	NCI-H1155	3.86363
TK1	TK1-002	protein_coding	R273H	NCI-H1793	2.49914
TK1	TK1-002	protein_coding	R273H	NCI-H2405	2.99161
TK1	TK1-002	protein_coding	R273H	SK-MEL-30	6.54017
TK1	TK1-002	protein_coding	R273H	Capan-2	2.41766
TK1	TK1-002	protein_coding	R273H	PANC-1	11.522
TK1	TK1-002	protein_coding	R273H	SUIT-2	4.96415
TK1	TK1-002	protein_coding	R273H	MOLT-13	0.44677
TK1	TK1-002	protein_coding	R273H	8305C	3.44976
TK1	TK1-002	protein_coding	R273H	DU_145	9.04943
TK1	TK1-005	protein_coding	WildType	NUGC-4	1.28967
TK1	TK1-005	protein_coding	WildType	ZR-75-1	5.59123
TK1	TK1-005	protein_coding	WildType	KG-1-C	1.31434
TK1	TK1-005	protein_coding	WildType	NB-1	1.78851
TK1	TK1-005	protein_coding	WildType	NH-6	4.10362
TK1	TK1-005	protein_coding	WildType	DU4475	1.63839
TK1	TK1-005	protein_coding	WildType	MDA-MB-175-VII	2.88541
TK1	TK1-005	protein_coding	WildType	UACC-812	5.06231
TK1	TK1-005	protein_coding	WildType	ZR-75-1	5.59123
TK1	TK1-005	protein_coding	WildType	ZR-75-30	0.841654
TK1	TK1-005	protein_coding	WildType	COLO-678	3.98086
TK1	TK1-005	protein_coding	WildType	GP2d	2.36654
TK1	TK1-005	protein_coding	WildType	HCT_116	1.31048
TK1	TK1-005	protein_coding	WildType	LoVo	2.67715
TK1	TK1-005	protein_coding	WildType	LS_180	4.50195
TK1	TK1-005	protein_coding	WildType	LS513	1.1678
TK1	TK1-005	protein_coding	WildType	RKO	2.29668
TK1	TK1-005	protein_coding	WildType	SK-CO-1	3.90801
TK1	TK1-005	protein_coding	WildType	SNU-520	1.07562
TK1	TK1-005	protein_coding	WildType	SNU-719	2.40532
TK1	TK1-005	protein_coding	WildType	NUGC-4	1.28967
TK1	TK1-005	protein_coding	WildType	MKN-45	1.28369
TK1	TK1-005	protein_coding	WildType	Hep_G2	1.33531
TK1	TK1-005	protein_coding	WildType	ML-1	1.91141
TK1	TK1-005	protein_coding	WildType	PL-21	2.5426
TK1	TK1-005	protein_coding	WildType	Reh	2.4441
TK1	TK1-005	protein_coding	WildType	MEL-JUSO	3.44907
TK1	TK1-005	protein_coding	WildType	MeWo	2.20139
TK1	TK1-005	protein_coding	WildType	A549	0.59135
TK1	TK1-005	protein_coding	WildType	NCI-H460	1.77905
TK1	TK1-005	protein_coding	WildType	NCI-H838	1.00946
TK1	TK1-005	protein_coding	WildType	NCI-H1385	2.07651
TK1	TK1-005	protein_coding	WildType	NCI-H1568	2.53616
TK1	TK1-005	protein_coding	WildType	NCI-H1944	2.40571
TK1	TK1-005	protein_coding	WildType	NCI-H2023	1.69412
TK1	TK1-005	protein_coding	WildType	NCI-H2030	3.11327
TK1	TK1-005	protein_coding	WildType	NCI-H2126	3.61198
TK1	TK1-005	protein_coding	WildType	NCI-H2347	4.67316
TK1	TK1-005	protein_coding	WildType	NCI-H1395	0.862968
TK1	TK1-005	protein_coding	WildType	NCI-H1563	1.33277
TK1	TK1-005	protein_coding	WildType	NCI-H1650	2.60599
TK1	TK1-005	protein_coding	WildType	NCI-H1666	1.55898
TK1	TK1-005	protein_coding	WildType	NCI-H1975	1.40219
TK1	TK1-005	protein_coding	WildType	NCI-H2170	1.83009
TK1	TK1-005	protein_coding	WildType	NCI-H2228	0.856842
TK1	TK1-005	protein_coding	WildType	NCI-H2342	3.22899
TK1	TK1-005	protein_coding	WildType	NCI-H2347	4.67316
TK1	TK1-005	protein_coding	WildType	NCI-H810	1.17077
TK1	TK1-005	protein_coding	WildType	A2780	1.34667
TK1	TK1-005	protein_coding	WildType	NCI-H209	1.92356
TK1	TK1-005	protein_coding	WildType	NCI-H2081	1.16363
TK1	TK1-005	protein_coding	WildType	NCI-H446	2.36745
TK1	TK1-005	protein_coding	WildType	SR-786	1.59603
TK1	TK1-005	protein_coding	WildType	NCI-H460	1.77905
TK1	TK1-005	protein_coding	WildType	LOX_IMVI	0.571914
TK1	TK1-005	protein_coding	WildType	SK-MEL-5	3.11962
TK1	TK1-005	protein_coding	WildType	UACC-257	2.18476
TK1	TK1-005	protein_coding	WildType	UACC-62	0.674439
TK1	TK1-005	protein_coding	WildType	A-498	0.474858
TK1	TK1-005	protein_coding	WildType	ACHN	1.32046
TK1	TK1-005	protein_coding	Null	KATO_III	1.31127
TK1	TK1-005	protein_coding	Null	Hep_3B2.1-7	1.82582
TK1	TK1-005	protein_coding	Null	NCI-H1299	1.61763
TK1	TK1-005	protein_coding	Null	Calu-1	1.61869
TK1	TK1-005	protein_coding	Null	HL-60	0.885512
TK1	TK1-005	protein_coding	Null	SK-N-MC	1.69386
TK1	TK1-005	protein_coding	Null	PC-3	3.34821
TK1	TK1-005	protein_coding	Null	MDA-MB-157	5.39753
TK1	TK1-005	protein_coding	R175H	SK-UT-1	5.23993
TK1	TK1-005	protein_coding	R175H	HuCCT1	0.130512
TK1	TK1-005	protein_coding	R175H	HCC1395	2.52021
TK1	TK1-005	protein_coding	R175H	SK-BR-3	7.06641
TK1	TK1-005	protein_coding	R175H	LS123	1.21813
TK1	TK1-005	protein_coding	R175H	SNU-61	1.43604
TK1	TK1-005	protein_coding	R175H	KLE	1.98274
TK1	TK1-005	protein_coding	R175H	CAL-33	2.57948
TK1	TK1-005	protein_coding	R175H	SK-UT-1	5.23993
TK1	TK1-005	protein_coding	R175H	TOV-112D	2.05235
TK1	TK1-005	protein_coding	R175H	SNU-213	4.09588
TK1	TK1-005	protein_coding	R175H	VM-CUB1	3.69679
TK1	TK1-005	protein_coding	R248Q	KASUMI-1	1.77968
TK1	TK1-005	protein_coding	R248Q	639-V	3.80477
TK1	TK1-005	protein_coding	R248Q	RT-112	4.66592
TK1	TK1-005	protein_coding	R248Q	HCC1143	8.93182
TK1	TK1-005	protein_coding	R248Q	HCC70	1.15488
TK1	TK1-005	protein_coding	R248Q	BL-41	1.96868
TK1	TK1-005	protein_coding	R248Q	CA46	1.12812
TK1	TK1-005	protein_coding	R248Q	NAMALWA	0.925678
TK1	TK1-005	protein_coding	R248Q	KYO-1	2.28973
TK1	TK1-005	protein_coding	R248Q	SW1463	0
TK1	TK1-005	protein_coding	R248Q	HEC-1-A	3.23571
TK1	TK1-005	protein_coding	R248Q	HEC-1-B	1.92056
TK1	TK1-005	protein_coding	R248Q	KYSE-150	0.692357
TK1	TK1-005	protein_coding	R248Q	TE-6	3.13767
TK1	TK1-005	protein_coding	R248Q	NCI-N87	2.28209
TK1	TK1-005	protein_coding	R248Q	SF-295	1.41301
TK1	TK1-005	protein_coding	R248Q	HSC-4	1.08845
TK1	TK1-005	protein_coding	R248Q	SK-UT-1	5.23993
TK1	TK1-005	protein_coding	R248Q	PC-14	0.873013
TK1	TK1-005	protein_coding	R248Q	NCI-H211	2.2707
TK1	TK1-005	protein_coding	R248Q	SKM-1	2.37041
TK1	TK1-005	protein_coding	R248Q	NIH_OVCAR-3	4.17404
TK1	TK1-005	protein_coding	R248Q	P12-ICHIKAWA	0.434929
TK1	TK1-005	protein_coding	R248Q	SUP-T1	3.04813
TK1	TK1-005	protein_coding	R273H	MONO-MAC-1	3.3157
TK1	TK1-005	protein_coding	R273H	SU-DHL-1	0.84037
TK1	TK1-005	protein_coding	R273H	MDA-MB-436	1.28164
TK1	TK1-005	protein_coding	R273H	MDA-MB-468	1.92546
TK1	TK1-005	protein_coding	R273H	HT-29	2.85964
TK1	TK1-005	protein_coding	R273H	NCI-H508	1.50012
TK1	TK1-005	protein_coding	R273H	SW480	1.24629
TK1	TK1-005	protein_coding	R273H	HEC-59	5.22406
TK1	TK1-005	protein_coding	R273H	SNU-601	3.75048
TK1	TK1-005	protein_coding	R273H	U-251_MG	1.53044
TK1	TK1-005	protein_coding	R273H	YD-8	0.991414
TK1	TK1-005	protein_coding	R273H	NCI-H1155	4.1491
TK1	TK1-005	protein_coding	R273H	NCI-H1793	1.16236
TK1	TK1-005	protein_coding	R273H	NCI-H2405	2.48095
TK1	TK1-005	protein_coding	R273H	SK-MEL-30	2.23376
TK1	TK1-005	protein_coding	R273H	Capan-2	2.86309
TK1	TK1-005	protein_coding	R273H	PANC-1	1.46957
TK1	TK1-005	protein_coding	R273H	SUIT-2	0
TK1	TK1-005	protein_coding	R273H	MOLT-13	1.96422
TK1	TK1-005	protein_coding	R273H	8305C	0.454148
TK1	TK1-005	protein_coding	R273H	DU_145	4.1292
TK1	TK1-006	protein_coding	WildType	NUGC-4	38.1609
TK1	TK1-006	protein_coding	WildType	ZR-75-1	23.2134
TK1	TK1-006	protein_coding	WildType	KG-1-C	7.66753
TK1	TK1-006	protein_coding	WildType	NB-1	52.6455
TK1	TK1-006	protein_coding	WildType	NH-6	19.8176
TK1	TK1-006	protein_coding	WildType	DU4475	9.30161
TK1	TK1-006	protein_coding	WildType	MDA-MB-175-VII	10.6637
TK1	TK1-006	protein_coding	WildType	UACC-812	1.17819
TK1	TK1-006	protein_coding	WildType	ZR-75-1	23.2134
TK1	TK1-006	protein_coding	WildType	ZR-75-30	11.2858
TK1	TK1-006	protein_coding	WildType	COLO-678	42.6272
TK1	TK1-006	protein_coding	WildType	GP2d	31.5683
TK1	TK1-006	protein_coding	WildType	HCT_116	112.824
TK1	TK1-006	protein_coding	WildType	LoVo	27.4101
TK1	TK1-006	protein_coding	WildType	LS_180	59.2442
TK1	TK1-006	protein_coding	WildType	LS513	38.3375
TK1	TK1-006	protein_coding	WildType	RKO	12.9282
TK1	TK1-006	protein_coding	WildType	SK-CO-1	40.1902
TK1	TK1-006	protein_coding	WildType	SNU-520	26.8598
TK1	TK1-006	protein_coding	WildType	SNU-719	14.6255
TK1	TK1-006	protein_coding	WildType	NUGC-4	38.1609
TK1	TK1-006	protein_coding	WildType	MKN-45	28.2913
TK1	TK1-006	protein_coding	WildType	Hep_G2	30.4614
TK1	TK1-006	protein_coding	WildType	ML-1	29.0694
TK1	TK1-006	protein_coding	WildType	PL-21	12.3596
TK1	TK1-006	protein_coding	WildType	Reh	32.9614
TK1	TK1-006	protein_coding	WildType	MEL-JUSO	111.474
TK1	TK1-006	protein_coding	WildType	MeWo	61.2253
TK1	TK1-006	protein_coding	WildType	A549	49.9575
TK1	TK1-006	protein_coding	WildType	NCI-H460	38.9931
TK1	TK1-006	protein_coding	WildType	NCI-H838	26.6347
TK1	TK1-006	protein_coding	WildType	NCI-H1385	19.4879
TK1	TK1-006	protein_coding	WildType	NCI-H1568	41.125
TK1	TK1-006	protein_coding	WildType	NCI-H1944	15.7795
TK1	TK1-006	protein_coding	WildType	NCI-H2023	25.467
TK1	TK1-006	protein_coding	WildType	NCI-H2030	20.1714
TK1	TK1-006	protein_coding	WildType	NCI-H2126	16.9947
TK1	TK1-006	protein_coding	WildType	NCI-H2347	68.02
TK1	TK1-006	protein_coding	WildType	NCI-H1395	12.7698
TK1	TK1-006	protein_coding	WildType	NCI-H1563	29.7918
TK1	TK1-006	protein_coding	WildType	NCI-H1650	57.4175
TK1	TK1-006	protein_coding	WildType	NCI-H1666	8.12333
TK1	TK1-006	protein_coding	WildType	NCI-H1975	36.7574
TK1	TK1-006	protein_coding	WildType	NCI-H2170	32.3002
TK1	TK1-006	protein_coding	WildType	NCI-H2228	26.4003
TK1	TK1-006	protein_coding	WildType	NCI-H2342	46.5584
TK1	TK1-006	protein_coding	WildType	NCI-H2347	68.02
TK1	TK1-006	protein_coding	WildType	NCI-H810	15.188
TK1	TK1-006	protein_coding	WildType	A2780	23.6561
TK1	TK1-006	protein_coding	WildType	NCI-H209	20.4019
TK1	TK1-006	protein_coding	WildType	NCI-H2081	14.874
TK1	TK1-006	protein_coding	WildType	NCI-H446	41.0774
TK1	TK1-006	protein_coding	WildType	SR-786	15.4289
TK1	TK1-006	protein_coding	WildType	NCI-H460	38.9931
TK1	TK1-006	protein_coding	WildType	LOX_IMVI	43.2755
TK1	TK1-006	protein_coding	WildType	SK-MEL-5	58.7909
TK1	TK1-006	protein_coding	WildType	UACC-257	37.2553
TK1	TK1-006	protein_coding	WildType	UACC-62	13.825
TK1	TK1-006	protein_coding	WildType	A-498	33.428
TK1	TK1-006	protein_coding	WildType	ACHN	67.2456
TK1	TK1-006	protein_coding	Null	KATO_III	125.557
TK1	TK1-006	protein_coding	Null	Hep_3B2.1-7	33.6849
TK1	TK1-006	protein_coding	Null	NCI-H1299	30.6453
TK1	TK1-006	protein_coding	Null	Calu-1	93.2947
TK1	TK1-006	protein_coding	Null	HL-60	0.533127
TK1	TK1-006	protein_coding	Null	SK-N-MC	29.7105
TK1	TK1-006	protein_coding	Null	PC-3	34.8857
TK1	TK1-006	protein_coding	Null	MDA-MB-157	70.8802
TK1	TK1-006	protein_coding	R175H	SK-UT-1	65.7465
TK1	TK1-006	protein_coding	R175H	HuCCT1	0
TK1	TK1-006	protein_coding	R175H	HCC1395	56.3969
TK1	TK1-006	protein_coding	R175H	SK-BR-3	102.048
TK1	TK1-006	protein_coding	R175H	LS123	32.9364
TK1	TK1-006	protein_coding	R175H	SNU-61	52.9034
TK1	TK1-006	protein_coding	R175H	KLE	25.8131
TK1	TK1-006	protein_coding	R175H	CAL-33	35.814
TK1	TK1-006	protein_coding	R175H	SK-UT-1	65.7465
TK1	TK1-006	protein_coding	R175H	TOV-112D	22.2935
TK1	TK1-006	protein_coding	R175H	SNU-213	41.0599
TK1	TK1-006	protein_coding	R175H	VM-CUB1	2.93997
TK1	TK1-006	protein_coding	R248Q	KASUMI-1	28.4833
TK1	TK1-006	protein_coding	R248Q	639-V	55.1699
TK1	TK1-006	protein_coding	R248Q	RT-112	42.4956
TK1	TK1-006	protein_coding	R248Q	HCC1143	156.516
TK1	TK1-006	protein_coding	R248Q	HCC70	39.7199
TK1	TK1-006	protein_coding	R248Q	BL-41	24.0029
TK1	TK1-006	protein_coding	R248Q	CA46	7.17218
TK1	TK1-006	protein_coding	R248Q	NAMALWA	16.2448
TK1	TK1-006	protein_coding	R248Q	KYO-1	82.8482
TK1	TK1-006	protein_coding	R248Q	SW1463	19.5269
TK1	TK1-006	protein_coding	R248Q	HEC-1-A	87.7167
TK1	TK1-006	protein_coding	R248Q	HEC-1-B	35.8634
TK1	TK1-006	protein_coding	R248Q	KYSE-150	23.1794
TK1	TK1-006	protein_coding	R248Q	TE-6	24.1974
TK1	TK1-006	protein_coding	R248Q	NCI-N87	31.936
TK1	TK1-006	protein_coding	R248Q	SF-295	78.2202
TK1	TK1-006	protein_coding	R248Q	HSC-4	10.7979
TK1	TK1-006	protein_coding	R248Q	SK-UT-1	65.7465
TK1	TK1-006	protein_coding	R248Q	PC-14	28.9676
TK1	TK1-006	protein_coding	R248Q	NCI-H211	28.0803
TK1	TK1-006	protein_coding	R248Q	SKM-1	30.9342
TK1	TK1-006	protein_coding	R248Q	NIH_OVCAR-3	53.5423
TK1	TK1-006	protein_coding	R248Q	P12-ICHIKAWA	6.74849
TK1	TK1-006	protein_coding	R248Q	SUP-T1	19.2571
TK1	TK1-006	protein_coding	R273H	MONO-MAC-1	23.546
TK1	TK1-006	protein_coding	R273H	SU-DHL-1	46.3741
TK1	TK1-006	protein_coding	R273H	MDA-MB-436	22.6892
TK1	TK1-006	protein_coding	R273H	MDA-MB-468	31.1669
TK1	TK1-006	protein_coding	R273H	HT-29	69.959
TK1	TK1-006	protein_coding	R273H	NCI-H508	1.99042
TK1	TK1-006	protein_coding	R273H	SW480	27.012
TK1	TK1-006	protein_coding	R273H	HEC-59	47.0282
TK1	TK1-006	protein_coding	R273H	SNU-601	101.73
TK1	TK1-006	protein_coding	R273H	U-251_MG	22.1082
TK1	TK1-006	protein_coding	R273H	YD-8	21.2696
TK1	TK1-006	protein_coding	R273H	NCI-H1155	30.0532
TK1	TK1-006	protein_coding	R273H	NCI-H1793	24.2247
TK1	TK1-006	protein_coding	R273H	NCI-H2405	36.6996
TK1	TK1-006	protein_coding	R273H	SK-MEL-30	54.698
TK1	TK1-006	protein_coding	R273H	Capan-2	39.9368
TK1	TK1-006	protein_coding	R273H	PANC-1	47.2957
TK1	TK1-006	protein_coding	R273H	SUIT-2	15.3376
TK1	TK1-006	protein_coding	R273H	MOLT-13	11.8559
TK1	TK1-006	protein_coding	R273H	8305C	31.0686
TK1	TK1-006	protein_coding	R273H	DU_145	78.244
TK1	TK1-003	retained_intron	WildType	NUGC-4	0.698621
TK1	TK1-003	retained_intron	WildType	ZR-75-1	5.02305
TK1	TK1-003	retained_intron	WildType	KG-1-C	0.233267
TK1	TK1-003	retained_intron	WildType	NB-1	0.473077
TK1	TK1-003	retained_intron	WildType	NH-6	1.55561
TK1	TK1-003	retained_intron	WildType	DU4475	0.324222
TK1	TK1-003	retained_intron	WildType	MDA-MB-175-VII	0.272179
TK1	TK1-003	retained_intron	WildType	UACC-812	0
TK1	TK1-003	retained_intron	WildType	ZR-75-1	5.02305
TK1	TK1-003	retained_intron	WildType	ZR-75-30	0.344861
TK1	TK1-003	retained_intron	WildType	COLO-678	1.43843
TK1	TK1-003	retained_intron	WildType	GP2d	0.954806
TK1	TK1-003	retained_intron	WildType	HCT_116	0.654637
TK1	TK1-003	retained_intron	WildType	LoVo	0.833603
TK1	TK1-003	retained_intron	WildType	LS_180	0.654822
TK1	TK1-003	retained_intron	WildType	LS513	0.305645
TK1	TK1-003	retained_intron	WildType	RKO	0.901193
TK1	TK1-003	retained_intron	WildType	SK-CO-1	1.68074
TK1	TK1-003	retained_intron	WildType	SNU-520	0.569918
TK1	TK1-003	retained_intron	WildType	SNU-719	0.261977
TK1	TK1-003	retained_intron	WildType	NUGC-4	0.698621
TK1	TK1-003	retained_intron	WildType	MKN-45	0.379361
TK1	TK1-003	retained_intron	WildType	Hep_G2	0.56566
TK1	TK1-003	retained_intron	WildType	ML-1	0.650616
TK1	TK1-003	retained_intron	WildType	PL-21	0.330878
TK1	TK1-003	retained_intron	WildType	Reh	4.62096
TK1	TK1-003	retained_intron	WildType	MEL-JUSO	0.979055
TK1	TK1-003	retained_intron	WildType	MeWo	0.771401
TK1	TK1-003	retained_intron	WildType	A549	0.323037
TK1	TK1-003	retained_intron	WildType	NCI-H460	0.49926
TK1	TK1-003	retained_intron	WildType	NCI-H838	0.726501
TK1	TK1-003	retained_intron	WildType	NCI-H1385	0.543228
TK1	TK1-003	retained_intron	WildType	NCI-H1568	1.01321
TK1	TK1-003	retained_intron	WildType	NCI-H1944	1.18436
TK1	TK1-003	retained_intron	WildType	NCI-H2023	1.0146
TK1	TK1-003	retained_intron	WildType	NCI-H2030	0.376832
TK1	TK1-003	retained_intron	WildType	NCI-H2126	0.588261
TK1	TK1-003	retained_intron	WildType	NCI-H2347	0.553171
TK1	TK1-003	retained_intron	WildType	NCI-H1395	0.102334
TK1	TK1-003	retained_intron	WildType	NCI-H1563	0.50214
TK1	TK1-003	retained_intron	WildType	NCI-H1650	1.35319
TK1	TK1-003	retained_intron	WildType	NCI-H1666	0
TK1	TK1-003	retained_intron	WildType	NCI-H1975	0.46678
TK1	TK1-003	retained_intron	WildType	NCI-H2170	0.562683
TK1	TK1-003	retained_intron	WildType	NCI-H2228	0.638307
TK1	TK1-003	retained_intron	WildType	NCI-H2342	0.236361
TK1	TK1-003	retained_intron	WildType	NCI-H2347	0.553171
TK1	TK1-003	retained_intron	WildType	NCI-H810	0.625916
TK1	TK1-003	retained_intron	WildType	A2780	0.439362
TK1	TK1-003	retained_intron	WildType	NCI-H209	0.283163
TK1	TK1-003	retained_intron	WildType	NCI-H2081	0.260752
TK1	TK1-003	retained_intron	WildType	NCI-H446	0.337249
TK1	TK1-003	retained_intron	WildType	SR-786	0.448934
TK1	TK1-003	retained_intron	WildType	NCI-H460	0.49926
TK1	TK1-003	retained_intron	WildType	LOX_IMVI	0.266126
TK1	TK1-003	retained_intron	WildType	SK-MEL-5	0.664346
TK1	TK1-003	retained_intron	WildType	UACC-257	0.422934
TK1	TK1-003	retained_intron	WildType	UACC-62	0.1481
TK1	TK1-003	retained_intron	WildType	A-498	0.332549
TK1	TK1-003	retained_intron	WildType	ACHN	0.387908
TK1	TK1-003	retained_intron	Null	KATO_III	0.980736
TK1	TK1-003	retained_intron	Null	Hep_3B2.1-7	0.40114
TK1	TK1-003	retained_intron	Null	NCI-H1299	0.847292
TK1	TK1-003	retained_intron	Null	Calu-1	1.41899
TK1	TK1-003	retained_intron	Null	HL-60	0
TK1	TK1-003	retained_intron	Null	SK-N-MC	0.33815
TK1	TK1-003	retained_intron	Null	PC-3	0.456634
TK1	TK1-003	retained_intron	Null	MDA-MB-157	1.65784
TK1	TK1-003	retained_intron	R175H	SK-UT-1	1.93416
TK1	TK1-003	retained_intron	R175H	HuCCT1	0.0301925
TK1	TK1-003	retained_intron	R175H	HCC1395	1.12992
TK1	TK1-003	retained_intron	R175H	SK-BR-3	3.32436
TK1	TK1-003	retained_intron	R175H	LS123	1.11071
TK1	TK1-003	retained_intron	R175H	SNU-61	0.725049
TK1	TK1-003	retained_intron	R175H	KLE	1.16408
TK1	TK1-003	retained_intron	R175H	CAL-33	0.917424
TK1	TK1-003	retained_intron	R175H	SK-UT-1	1.93416
TK1	TK1-003	retained_intron	R175H	TOV-112D	0.835846
TK1	TK1-003	retained_intron	R175H	SNU-213	0.823141
TK1	TK1-003	retained_intron	R175H	VM-CUB1	0
TK1	TK1-003	retained_intron	R248Q	KASUMI-1	0.564123
TK1	TK1-003	retained_intron	R248Q	639-V	1.28803
TK1	TK1-003	retained_intron	R248Q	RT-112	0.646359
TK1	TK1-003	retained_intron	R248Q	HCC1143	1.57846
TK1	TK1-003	retained_intron	R248Q	HCC70	1.26106
TK1	TK1-003	retained_intron	R248Q	BL-41	0.482083
TK1	TK1-003	retained_intron	R248Q	CA46	0.220833
TK1	TK1-003	retained_intron	R248Q	NAMALWA	0.281412
TK1	TK1-003	retained_intron	R248Q	KYO-1	0.520692
TK1	TK1-003	retained_intron	R248Q	SW1463	0
TK1	TK1-003	retained_intron	R248Q	HEC-1-A	0.997915
TK1	TK1-003	retained_intron	R248Q	HEC-1-B	1.93819
TK1	TK1-003	retained_intron	R248Q	KYSE-150	0.722774
TK1	TK1-003	retained_intron	R248Q	TE-6	1.12159
TK1	TK1-003	retained_intron	R248Q	NCI-N87	0.481764
TK1	TK1-003	retained_intron	R248Q	SF-295	1.26098
TK1	TK1-003	retained_intron	R248Q	HSC-4	0.190463
TK1	TK1-003	retained_intron	R248Q	SK-UT-1	1.93416
TK1	TK1-003	retained_intron	R248Q	PC-14	0.330206
TK1	TK1-003	retained_intron	R248Q	NCI-H211	0.429279
TK1	TK1-003	retained_intron	R248Q	SKM-1	0.167002
TK1	TK1-003	retained_intron	R248Q	NIH_OVCAR-3	1.4614
TK1	TK1-003	retained_intron	R248Q	P12-ICHIKAWA	0
TK1	TK1-003	retained_intron	R248Q	SUP-T1	0.992907
TK1	TK1-003	retained_intron	R273H	MONO-MAC-1	0.935288
TK1	TK1-003	retained_intron	R273H	SU-DHL-1	0.370497
TK1	TK1-003	retained_intron	R273H	MDA-MB-436	0.812257
TK1	TK1-003	retained_intron	R273H	MDA-MB-468	1.13218
TK1	TK1-003	retained_intron	R273H	HT-29	0.687347
TK1	TK1-003	retained_intron	R273H	NCI-H508	0.06289
TK1	TK1-003	retained_intron	R273H	SW480	0.431993
TK1	TK1-003	retained_intron	R273H	HEC-59	0.925476
TK1	TK1-003	retained_intron	R273H	SNU-601	0.859725
TK1	TK1-003	retained_intron	R273H	U-251_MG	0.0706331
TK1	TK1-003	retained_intron	R273H	YD-8	0.262122
TK1	TK1-003	retained_intron	R273H	NCI-H1155	1.28801
TK1	TK1-003	retained_intron	R273H	NCI-H1793	0.710276
TK1	TK1-003	retained_intron	R273H	NCI-H2405	0.827475
TK1	TK1-003	retained_intron	R273H	SK-MEL-30	0.538391
TK1	TK1-003	retained_intron	R273H	Capan-2	0.951372
TK1	TK1-003	retained_intron	R273H	PANC-1	0.814849
TK1	TK1-003	retained_intron	R273H	SUIT-2	0
TK1	TK1-003	retained_intron	R273H	MOLT-13	0.198162
TK1	TK1-003	retained_intron	R273H	8305C	0.394769
TK1	TK1-003	retained_intron	R273H	DU_145	0.549643
